{
  "Opbyxt": 230552.02660740726,
  "Uhjonpy": -152099.0,
  "Ijhe": 477722.1207388029,
  "Ewso": 59755.46244707121,
  "Aqmigxy": 37451.519895882055,
  "Ipsy": 13155.405226371764,
  "Afqob": 235980.7439654661,
  "Ymzowt": 652098.9258167398,
  "Ivpegbo": 727717.7623469818,
  "Upzukp": 117959.81633237991,
  "Ejjewfe": -12014.0,
  "Osdemk": 410279.86133324483
}